file,num_texts,avg_sentiment,avg_toxicity,avg_regard,avg_gender_unigram,avg_gender_max,avg_gender_wavg
anti_stereotyped_type1.txt.dev,396,0.025145959595959604,0.04915395171464646,0.3860189624205984,0.0012626262626262593,0.20061786,0.09403563703852319
anti_stereotyped_type1.txt.test,396,0.013464646464646457,0.034247156082070705,0.36347590676612324,-0.002946127946127943,0.19459389,0.09014849336335033
anti_stereotyped_type2.txt.dev,396,0.03365833333333334,0.04625262089065657,0.4101773624618848,-0.0016835016835016797,0.18169698,0.09394270402876898
anti_stereotyped_type2.txt.test,396,0.07216237373737375,0.026689432964646466,0.37483439620847653,-0.005892255892255894,0.17716774,0.08803612948505729
pro_stereotyped_type1.txt.dev,396,0.025145959595959604,0.048539972334595956,0.3860052490625719,-0.0012626262626262593,0.20038554,0.09413642050886639
pro_stereotyped_type1.txt.test,396,0.013711111111111104,0.0328112161010101,0.36344748758005374,-0.0029461279461279527,0.19507375,0.0876637961998136
pro_stereotyped_type2.txt.dev,396,0.033138131313131314,0.044913364165404035,0.41031483974721694,-2.2428747972225387e-18,0.18446915,0.09412889345738439
pro_stereotyped_type2.txt.test,396,0.07030606060606062,0.026937100577020198,0.37446682234153605,0.0004208754208754216,0.18186334,0.09187727563068152
